# 2026
# J1 20 clubs
- id: "3"
  slug: antlers
  name: 鹿島アントラーズ
  fullname: 鹿島アントラーズ
  short_name: 鹿島
  company: 株式会社鹿島アントラーズ・エフ・シー
  category: J1
  hometown: 鹿嶋市、潮来市、神栖市、行方市、鉾田市
  area: 茨城県
  period: 1
  website: https://www.antlers.co.jp
  relatedCompanies:
    - 一般社団法人アントラーズホームタウンDMO

- id: "20"
  slug: mitohollyhock
  name: 水戸ホーリーホック
  fullname: 水戸ホーリーホック
  short_name: 水戸
  company: 株式会社フットボールクラブ水戸ホーリーホック
  category: J1
  hometown: 水戸市、日立市、ひたちなか市、笠間市、那珂市、小美玉市、常陸太田市、北茨城市、常陸大宮市、高萩市、茨城町、城里町、大洗町、大子町、東海村
  area: 茨城県
  period: 1
  website: https://www.mito-hollyhock.net
  relatedCompanies:
    - 一般社団法人ホーリーホックIBARAKIクラブ
    - 一般社団法人MFA-B&S

- id: "4"
  slug: urawa
  name: 浦和レッズ
  fullname: 浦和レッドダイヤモンズ
  short_name: 浦和
  company: 浦和レッドダイヤモンズ株式会社
  category: J1
  hometown: さいたま市
  area: 埼玉県
  period: 1
  website: https://www.urawa-reds.co.jp
  settlement: https://www.urawa-reds.co.jp/club/managdata.php
  relatedCompanies:
    - 一般社団法人レッズランド

- id: "22"
  slug: jefunited
  name: ジェフユナイテッド千葉
  fullname: ジェフユナイテッド市原・千葉
  short_name: 千葉
  company: ジェフユナイテッド株式会社
  category: J1
  hometown: 市原市、千葉市
  area: 千葉県
  period: 1
  website: https://jefunited.co.jp

- id: "6"
  slug: reysol
  name: 柏レイソル
  fullname: 柏レイソル
  short_name: 柏
  company: 株式会社日立柏レイソル
  category: J1
  hometown: 柏市
  area: 千葉県
  period: 3
  website: https://www.reysol.co.jp
  settlement: https://www.reysol.co.jp/club/clubinfo/koukoku.php

- id: "7"
  slug: fctokyo
  name: FC東京
  fullname: FC東京
  short_name: FC東京
  company: 東京フットボールクラブ株式会社
  category: J1
  hometown: 東京都
  area: 東京都
  period: 1
  website: https://www.fctokyo.co.jp

- id: "23"
  slug: verdy
  name: 東京ヴェルディ
  fullname: 東京ヴェルディ1969
  short_name: 東京V
  company: 東京ヴェルディ株式会社
  category: J1
  hometown: 東京都
  area: 東京都
  period: 1
  website: https://www.verdy.co.jp
  relatedCompanies:
    - 一般社団法人ヴェルディクラブ

- id: "24"
  slug: zelvia
  name: FC町田ゼルビア
  fullname: FC町田ゼルビア
  short_name: 町田
  company: 株式会社ゼルビア
  category: J1
  hometown: 町田市
  area: 東京都
  period: 1
  website: https://www.zelvia.co.jp
  relatedCompanies:
    - NPO法人アスレチッククラブ町田

- id: "8"
  slug: kawasaki
  name: 川崎フロンターレ
  fullname: 川崎フロンターレ
  short_name: 川崎
  company: 株式会社川崎フロンターレ
  category: J1
  hometown: 川崎市
  area: 神奈川県
  period: 1
  website: https://www.frontale.co.jp
  settlement: https://www.frontale.co.jp/about/kk/

- id: "9"
  slug: fmarinos
  name: 横浜F・マリノス
  fullname: 横浜F・マリノス
  short_name: 横浜FM
  company: 横浜マリノス株式会社
  category: J1
  hometown: 横浜市、横須賀市、大和市
  area: 神奈川県
  period: 1
  website: https://www.f-marinos.com
  relatedCompanies:
    - 一般社団法人F・マリノススポーツクラブ
  annotation:
    - 2021年度以降はアカデミー事業を一般社団法人F・マリノススポーツクラブに移管

- id: "12"
  slug: shimizu
  name: 清水エスパルス
  fullname: 清水エスパルス
  short_name: 清水
  company: 株式会社エスパルス
  category: J1
  hometown: 静岡市
  area: 静岡県
  period: 1
  website: https://www.s-pulse.co.jp

- id: "29"
  slug: nagoya
  name: 名古屋グランパス
  fullname: 名古屋グランパスエイト
  short_name: 名古屋
  company: 株式会社名古屋グランパスエイト
  category: J1
  hometown: 名古屋市、豊田市、みよし市を中心とする全県
  area: 愛知県
  period: 1
  website: https://nagoya-grampus.jp

- id: "31"
  slug: sanga
  name: 京都サンガF.C.
  fullname: 京都サンガF.C.
  short_name: 京都
  company: 株式会社京都パープルサンガ
  category: J1
  hometown: 京都市、宇治市、城陽市、向日市、長岡京市、京田辺市、木津川市、亀岡市、南丹市、京丹波町、福知山市、舞鶴市、綾部市、八幡市、宮津市、大山崎町、久御山町、京丹後市、精華町、井手町、宇治田原町、和束町、与謝野町、笠置町、南山城村、伊根町
  area: 京都府
  period: 12
  website: https://www.sanga-fc.jp
  settlement: https://www.sanga-fc.jp/club/

- id: "14"
  slug: gamba
  name: ガンバ大阪
  fullname: ガンバ大阪
  short_name: G大阪
  company: 株式会社ガンバ大阪
  category: J1
  hometown: 吹田市、茨木市、高槻市、豊中市、池田市、摂津市、箕面市
  area: 大阪府
  period: 1
  website: https://www.gamba-osaka.net

- id: "15"
  slug: cerezo
  name: セレッソ大阪
  fullname: セレッソ大阪
  short_name: C大阪
  company: 株式会社セレッソ大阪
  category: J1
  hometown: 大阪市、堺市
  area: 大阪府
  period: 1
  website: https://www.cerezo.co.jp
  relatedCompanies:
    - 一般社団法人セレッソ大阪スポーツクラブ

- id: "16"
  slug: vissel
  name: ヴィッセル神戸
  fullname: ヴィッセル神戸
  short_name: 神戸
  company: 楽天ヴィッセル神戸株式会社
  category: J1
  hometown: 神戸市
  area: 兵庫県
  period: 12
  website: https://www.vissel-kobe.co.jp
  relatedCompanies:
    - 一般社団法人ヴィッセル神戸スポーツクラブ

- id: "32"
  slug: fagiano
  name: ファジアーノ岡山
  fullname: ファジアーノ岡山FC
  short_name: 岡山
  company: 株式会社ファジアーノ岡山スポーツクラブ
  category: J1
  hometown: 岡山市、倉敷市、津山市を中心とする全県
  area: 岡山県
  period: 1
  website: https://www.fagiano-okayama.com
  settlement: https://www.fagiano-okayama.com/ir/disclosure/elec_announcement/koukoku/
  relatedCompanies:
    - 一般社団法人ファジアーノ岡山スポーツクラブ
    - 株式会社F.Hスポーツクラブ
    - NPO法人岡山ヒューマンスポーツクラブ
  annotation:
    - 2022年度以降はアカデミー事業を一般社団法人ファジアーノ岡山スポーツクラブに移管

- id: "17"
  slug: sanfrecce
  name: サンフレッチェ広島
  fullname: サンフレッチェ広島F.C
  short_name: 広島
  company: 株式会社サンフレッチェ広島
  category: J1
  hometown: 広島市
  area: 広島県
  period: 1
  website: https://www.sanfrecce.co.jp

- id: "37"
  slug: avispa
  name: アビスパ福岡
  fullname: アビスパ福岡
  short_name: 福岡
  company: アビスパ福岡株式会社
  category: J1
  hometown: 福岡市
  area: 福岡県
  period: 1
  website: https://www.avispa.co.jp

- id: "38"
  slug: vvaren
  name: V・ファーレン長崎
  fullname: V・ファーレン長崎
  short_name: 長崎
  company: 株式会社V・ファーレン長崎
  category: J1
  hometown: 長崎市、諫早市を中心とする全県
  area: 長崎県
  period: 12
  website: https://www.v-varen.com

# J2 20 clubs
- id: "1"
  slug: consadole
  name: 北海道コンサドーレ札幌
  fullname: 北海道コンサドーレ札幌
  short_name: 札幌
  company: 株式会社コンサドーレ
  category: J2
  hometown: 札幌市を中心とする全道
  area: 北海道
  period: 1
  website: https://www.consadole-sapporo.jp
  settlement: https://www.consadole-sapporo.jp/club/settlement/
  relatedCompanies:
    - 一般社団法人コンサドーレ北海道スポーツクラブ
    - 株式会社まちのミライ
    - 株式会社エゾデン

- id: "55"
  slug: vanraure
  name: ヴァンラーレ八戸
  fullname: ヴァンラーレ八戸フットボールクラブ
  short_name: 八戸
  company: 株式会社ヴァンラーレ八戸
  category: J2
  hometown: 八戸市、十和田市、五戸町、階上町、田子町、南部町、おいらせ町、新郷村、三沢市、七戸町、六戸町、東北町、横浜町、野辺地町、六ケ所村
  area: 青森県
  period: 1
  website: https://www.vanraure.net
  relatedCompanies:
    - NPO法人クローバーズ・ネット

- id: "2"
  slug: vegalta
  name: ベガルタ仙台
  fullname: ベガルタ仙台
  short_name: 仙台
  company: 株式会社ベガルタ仙台
  category: J2
  hometown: 仙台市を中心とする全県
  area: 宮城県
  period: 1
  website: https://www.vegalta.co.jp
  settlement: https://www.vegalta.co.jp/club/financial-results.html

- id: "42"
  slug: blaublitz
  name: ブラウブリッツ秋田
  fullname: ブラウブリッツ秋田
  short_name: 秋田
  company: 株式会社ブラウブリッツ秋田
  category: J2
  hometown: 秋田市、由利本荘市、にかほ市、男鹿市、潟上市を中心とする全県
  area: 秋田県
  period: 1
  website: https://blaublitz.jp
  relatedCompanies:
    - NPO法人ブラウブリッツ秋田スポーツネットワーク

- id: "19"
  slug: montedio
  name: モンテディオ山形
  fullname: モンテディオ山形
  short_name: 山形
  company: 株式会社モンテディオ山形
  category: J2
  hometown: 山形市、天童市、鶴岡市を中心とする全県
  area: 山形県
  period: 1
  website: https://www.montedioyamagata.jp
  relatedCompanies:
    - 公益社団法人山形県スポーツ振興21世紀協会
  annotation:
    - 2013年度までは公益社団法人であったため資本の内訳は表示されない
    - 2014年度以降もアカデミー事業は公益社団法人山形県スポーツ振興21世紀協会の管轄

- id: "58"
  slug: iwakifc
  name: いわきFC
  fullname: いわきFC
  short_name: いわき
  company: 株式会社いわきスポーツクラブ
  category: J2
  hometown: いわき市、広野町、楢葉町、富岡町、川内村、大熊町、双葉町、葛尾村、浪江町
  area: 福島県
  period: 12
  website: https://iwakifc.com

- id: "61"
  slug: tochigicity
  name: 栃木シティ
  fullname: 栃木シティフットボールクラブ
  short_name: 栃木C
  company: 株式会社THE TOCHIGI CITY UNITED
  category: J2
  hometown: 栃木市、壬生町、足利市、佐野市
  area: 栃木県
  period: 1
  website: https://tochigi-city.com/

- id: "5"
  slug: ardija
  name: RB大宮アルディージャ
  fullname: RB大宮アルディージャ
  short_name: 大宮
  company: RB大宮株式会社
  category: J2
  hometown: さいたま市
  area: 埼玉県
  period: 1
  website: https://www.rbomiya.com

- id: "25"
  slug: yokohamafc
  name: 横浜FC
  fullname: 横浜FC
  short_name: 横浜FC
  company: 株式会社横浜フリエスポーツクラブ
  category: J2
  hometown: 横浜市
  area: 神奈川県
  period: 1
  website: https://www.yokohamafc.com
  relatedCompanies:
    - 一般社団法人横浜FCスポーツクラブ

- id: "26"
  slug: bellmare
  name: 湘南ベルマーレ
  fullname: 湘南ベルマーレ
  short_name: 湘南
  company: 株式会社湘南ベルマーレ
  category: J2
  hometown: 厚木市、伊勢原市、小田原市、茅ヶ崎市、秦野市、平塚市、藤沢市、大磯町、寒川町、二宮町、鎌倉市、南足柄市、大井町、開成町、中井町、箱根町、松田町、真鶴町、山北町、湯河原町
  area: 神奈川県
  period: 3
  website: https://www.bellmare.co.jp
  settlement: https://www.bellmare.co.jp/club_business
  relatedCompanies:
    - NPO法人湘南ベルマーレスポーツクラブ

- id: "10"
  slug: ventforet
  name: ヴァンフォーレ甲府
  fullname: ヴァンフォーレ甲府
  short_name: 甲府
  company: 株式会社ヴァンフォーレ山梨スポーツクラブ
  category: J2
  hometown: 甲府市、韮崎市を中心とする全県
  area: 山梨県
  period: 1
  website: https://www.ventforet.jp
  relatedCompanies:
    - 一般社団法人ヴァンフォーレスポーツクラブ

- id: "11"
  slug: albirex
  name: アルビレックス新潟
  fullname: アルビレックス新潟
  short_name: 新潟
  company: 株式会社アルビレックス新潟
  category: J2
  hometown: 新潟市、聖籠町、長岡市、三条市、柏崎市、新発田市、小千谷市、加茂市、十日町市、見附市、村上市、燕市、糸魚川市、妙高市、五泉市、上越市、阿賀野市、佐渡市、魚沼市、南魚沼市、胎内市、弥彦村、田上町、阿賀町、出雲崎市、湯沢町、津南町、刈羽村、関川村、粟島浦村【新潟県全県】
  area: 新潟県
  period: 1
  website: https://www.albirex.co.jp
  relatedCompanies:
    - 株式会社アルビレックス新潟レディース

- id: "48"
  slug: kataller
  name: カターレ富山
  fullname: カターレ富山
  short_name: 富山
  company: 株式会社カターレ富山
  category: J2
  hometown: 富山市を中心とする全県
  area: 富山県
  period: 1
  website: https://www.kataller.co.jp

- id: "13"
  slug: jubilo
  name: ジュビロ磐田
  fullname: ジュビロ磐田
  short_name: 磐田
  company: 株式会社ジュビロ
  category: J2
  hometown: 御前崎市、菊川市、掛川市、袋井市、森町、磐田市、浜松市、湖西市
  area: 静岡県
  period: 1
  website: https://www.jubilo-iwata.co.jp
  annotation:
    - 2022年度は決算期の変更により10ヶ月間

- id: "49"
  slug: myfc
  name: 藤枝MYFC
  fullname: 藤枝MYFC
  short_name: 藤枝
  company: 株式会社藤枝MYFC
  category: J2
  hometown: 藤枝市、島田市、焼津市、牧之原市、吉田町、川根本町
  area: 静岡県
  period: 1
  website: https://myfc.co.jp

- id: "35"
  slug: vortis
  name: 徳島ヴォルティス
  fullname: 徳島ヴォルティス
  short_name: 徳島
  company: 徳島ヴォルティス株式会社
  category: J2
  hometown: 鳴門市、徳島市、吉野川市、美馬市、小松島市、阿南市、板野町、松茂町、藍住町、北島町を中心とする全県
  area: 徳島県
  period: 1
  website: https://www.vortis.jp
  settlement: https://www.vortis.jp/clubinfo/index.html
  relatedCompanies:
    - NPO法人徳島スポーツビレッジ

- id: "56"
  slug: fcimabari
  name: FC今治
  fullname: FC今治
  short_name: 今治
  company: 株式会社今治.夢スポーツ
  category: J2
  hometown: 今治市
  area: 愛媛県
  period: 1
  website: https://www.fcimabari.com
  relatedCompanies:
    - 株式会社今治．夢ビレッジ

- id: "18"
  slug: sagan
  name: サガン鳥栖
  fullname: サガン鳥栖
  short_name: 鳥栖
  company: 株式会社サガン・ドリームス
  category: J2
  hometown: 鳥栖市
  area: 佐賀県
  period: 1
  website: https://www.sagan-tosu.net

- id: "40"
  slug: trinita
  name: 大分トリニータ
  fullname: 大分トリニータ
  short_name: 大分
  company: 株式会社大分フットボールクラブ
  category: J2
  hometown: 大分市、別府市、佐伯市を中心とする全県
  area: 大分県
  period: 1
  website: https://www.oita-trinita.co.jp

- id: "57"
  slug: tegevajaro
  name: テゲバジャーロ宮崎
  fullname: テゲバジャーロ宮崎
  short_name: 宮崎
  company: 株式会社テゲバジャーロ宮崎
  category: J2
  hometown: 宮崎市、新富町、西都市
  area: 宮崎県
  period: 1
  website: https://www.tegevajaro.com

# J3 20 clubs
- id: "43"
  slug: fufc
  name: 福島ユナイテッドFC
  fullname: 福島ユナイテッドフットボールクラブ
  short_name: 福島
  company: 株式会社AC福島ユナイテッド
  category: J3
  hometown: 福島市、会津若松市、伊達市、国見町、桑折町、川俣町を中心とする全県
  area: 福島県
  period: 1
  website: https://fufc.jp
  relatedCompanies:
    - NPO法人福島ユナイテッドスポーツクラブ

- id: "44"
  slug: tochigisc
  name: 栃木SC
  fullname: 栃木サッカークラブ
  short_name: 栃木SC
  company: 株式会社栃木サッカークラブ
  category: J3
  hometown: 宇都宮市
  area: 栃木県
  period: 1
  website: https://www.tochigisc.jp

- id: "21"
  slug: thespa
  name: ザスパ群馬
  fullname: ザスパクサツ群馬
  short_name: 群馬
  company: 株式会社ザスパ
  category: J3
  hometown: 草津町、前橋市を中心とする全県
  area: 群馬県
  period: 1
  website: https://www.thespa.co.jp
  relatedCompanies:
    - NPO法人ザスパスポーツクラブ

- id: "46"
  slug: scsagamihara
  name: SC相模原
  fullname: SC相模原
  short_name: 相模原
  company: 株式会社スポーツクラブ相模原
  category: J3
  hometown: 相模原市、海老名市、座間市、綾瀬市、愛川町
  area: 神奈川県
  period: 1
  website: https://www.scsagamihara.com
  relatedCompanies:
    - NPO法人スポーツクラブ相模原

- id: "27"
  slug: yamaga
  name: 松本山雅FC
  fullname: 松本山雅フットボールクラブ
  short_name: 松本
  company: 株式会社松本山雅
  category: J3
  hometown: 松本市、塩尻市、山形村、安曇野市、大町市、池田町、生坂村、箕輪町、朝日村、高森町、麻績村
  area: 長野県
  period: 1
  website: https://www.yamaga-fc.com
  settlement: https://www.yamaga-fc.com/club-info/company/accounting
  relatedCompanies:
    - NPO法人松本山雅スポーツクラブ
    - 一般社団法人松本山雅SC南信

- id: "47"
  slug: parceiro
  name: AC長野パルセイロ
  fullname: AC長野パルセイロ
  short_name: 長野
  company: 株式会社長野パルセイロ・アスレチッククラブ
  category: J3
  hometown: 長野市、須坂市、中野市、飯山市、千曲市、坂城市、小布施町、高山村、山ノ内町、木島平村、野沢温泉村、信濃町、飯綱町、小川村、栄村、佐久市
  area: 長野県
  period: 12
  website: https://parceiro.co.jp

- id: "28"
  slug: zweigen
  name: ツエーゲン金沢
  fullname: ツエーゲン金沢
  short_name: 金沢
  company: 株式会社石川ツエーゲン
  category: J3
  hometown: 金沢市、白山市、野々市市、かほく市、津幡町、内灘町を中心とする全県
  area: 石川県
  period: 1
  website: https://www.zweigen-kanazawa.jp
  relatedCompanies:
    - 一般社団法人石川ツエーゲンスポーツクラブ

- id: "63"
  slug: reilac
  name: レイラック滋賀FC
  fullname: レイラック滋賀
  short_name: 滋賀
  company: 株式会社 Mi-Oスポーツ
  category: J3
  hometown: 滋賀県 草津市・東近江市・彦根市を中心とする全県
  area: 滋賀県
  period: 1
  website: https://reilac-shiga.co.jp/

- id: "30"
  slug: fcgifu
  name: FC岐阜
  fullname: FC岐阜
  short_name: 岐阜
  company: 株式会社岐阜フットボールクラブ
  category: J3
  hometown: 岐阜市を中心とする全県
  area: 岐阜県
  period: 1
  website: https://www.fc-gifu.com

- id: "59"
  slug: fcosaka
  name: FC大阪
  fullname: FC大阪
  short_name: FC大阪
  company: 株式会社F.C.大阪
  category: J3
  hometown: 東大阪市
  area: 大阪府
  period: 1
  website: https://fc-osaka.com

- id: "60"
  slug: naraclub
  name: 奈良クラブ
  fullname: 奈良クラブ
  short_name: 奈良
  company: 株式会社奈良クラブ
  category: J3
  hometown: 奈良市、三郷町を中心とする全県
  area: 奈良県
  period: 1
  website: https://naraclub.jp
  annotation:
    - 2019年度から2021年度まではクラブ発表の数値

- id: "51"
  slug: gainare
  name: ガイナーレ鳥取
  fullname: ガイナーレ鳥取
  short_name: 鳥取
  company: 株式会社SC鳥取
  category: J3
  hometown: 鳥取市、米子市、倉吉市、境港市を中心とする全県
  area: 鳥取県
  period: 1
  website: https://www.gainare.co.jp

- id: "33"
  slug: renofa
  name: レノファ山口FC
  fullname: レノファ山口FC
  short_name: 山口
  company: 株式会社レノファ山口
  category: J3
  hometown: 山口市、下関市、山陽小野田市、宇部市、防府市、周南市、美祢市、萩市、下松市、岩国市、光市、長門市、柳井市、周防大島町、和木町、上関町、田布施町、平生町、阿武町【山口県全県】
  area: 山口県
  period: 1
  website: https://www.renofa.com
  relatedCompanies:
    - NPO法人レノファ山口スポーツクラブ
  annotation:
    - 2021年度までは税込経理方式、2022年度以降は税抜経理方式

- id: "34"
  slug: kamatamare
  name: カマタマーレ讃岐
  fullname: カマタマーレ讃岐
  short_name: 讃岐
  company: 株式会社カマタマーレ讃岐
  category: J3
  hometown: 高松市、丸亀市を中心とする全県
  area: 香川県
  period: 1
  website: https://www.kamatamare.jp
  relatedCompanies:
    - NPO法人カマタマーレスポーツクラブ
  
- id: "36"
  slug: ehimefc
  name: 愛媛FC
  fullname: 愛媛FC
  short_name: 愛媛
  company: 株式会社愛媛FC
  category: J3
  hometown: 松山市を中心とする全県
  area: 愛媛県
  period: 12
  website: https://www.ehimefc.com

- id: "62"
  slug: kochi
  name: 高知ユナイテッドSC
  fullname: 高知ユナイテッドSC
  short_name: 高知
  company: 株式会社高知ユナイテッドスポーツクラブ
  category: J3
  hometown: 高知市を中心とする全県
  area: 高知県
  period: 1
  website: http://kochi-usc.jp/

- id: "52"
  slug: giravanz
  name: ギラヴァンツ北九州
  fullname: ギラヴァンツ北九州
  short_name: 北九州
  company: 株式会社ギラヴァンツ北九州
  category: J3
  hometown: 北九州市
  area: 福岡県
  period: 1
  website: https://www.giravanz.jp

- id: "39"
  slug: roasso
  name: ロアッソ熊本
  fullname: ロアッソ熊本
  short_name: 熊本
  company: 株式会社アスリートクラブ熊本
  category: J3
  hometown: 熊本市
  area: 熊本県
  period: 1
  website: https://roasso-k.com
  settlement: https://roasso-k.com/top_team/club_outline
  relatedCompanies:
    - 一般社団法人ロアッソ熊本スポーツクラブ
  annotation:
    - 2006年度、2007年度はクラブ発表の数値
    - 2006年度は第2期、第3期を合算した15ヶ月間
    - 2009年度は決算期変更により11ヶ月間
    - 2020年度4月よりアカデミー事業を一般社団法人ロアッソ熊本スポーツクラブに移管

- id: "53"
  slug: kufc
  name: 鹿児島ユナイテッドFC
  fullname: 鹿児島ユナイテッドFC
  short_name: 鹿児島
  company: 株式会社鹿児島プロスポーツプロジェクト
  category: J3
  hometown: 鹿児島市
  area: 鹿児島県
  period: 1
  website: https://kufc.co.jp
  settlement: https://kufc.co.jp/club_mind/
  relatedCompanies:
    - 一般社団法人鹿児島プロスポーツプロジェクト
    - 株式会社KMP

- id: "54"
  slug: fcryukyu
  name: FC琉球
  fullname: FC琉球OKINAWA
  short_name: 琉球
  company: 琉球フットボールクラブ株式会社
  category: J3
  hometown: 沖縄市を中心とする全県
  area: 沖縄県
  period: 1
  website: https://www.fcryukyu.com
  relatedCompanies:
    - 琉球ダンスドリーム株式会社

# JFL・地域 2 clubs
- id: "41"
  slug: gurulla
  name: いわてグルージャ盛岡
  fullname: いわてグルージャ盛岡
  short_name: 岩手
  company: 株式会社いわてアスリートクラブ
  category: JFL
  hometown: 盛岡市､宮古市､大船渡市､花巻市､北上市､久慈市､遠野市､一関市､陸前高田市､釜石市､二戸市､八幡平市､奥州市､滝沢市､雫石町､葛巻町､岩手町､紫波町､矢巾町､西和賀町､金ケ崎町､平泉町､住田町､大槌町､山田町､岩泉町､田野畑村､普代村､軽米町､野田村､九戸村､洋野町､一戸町【岩手県全県】
  area: 岩手県
  period: 1
  website: https://grulla-morioka.jp

- id: "45"
  slug: yscc
  name: Y.S.C.C.横浜
  fullname: 横浜スポーツ&カルチャークラブ
  short_name: YS横浜
  company: 株式会社Y.S.C.C
  category: JFL
  hometown: 横浜市
  area: 神奈川県
  period: 1
  website: https://www.yscc1986.net
  relatedCompanies:
    - NPO法人横浜スポーツ&カルチャークラブ
  annotation:
    - 2019年度までは特定非営利活動法人であったため資本の内訳は表示されない
    - 2020年度以降もアカデミー事業はNPO法人横浜スポーツ&カルチャークラブの管轄

- id: "50"
  slug: azulclaro
  name: アスルクラロ沼津
  fullname: アスルクラロ沼津
  short_name: 沼津
  company: アスルクラロスルガ株式会社
  category: JFL
  hometown: 沼津市
  area: 静岡県
  period: 1
  website: https://www.azul-claro.jp
  relatedCompanies:
    - 一般社団法人アスルクラロスポーツクラブ
